File,ID,Identity
1000_ablation_no_flow_HER2.fasta,Ablation_NoFlow_1,0.8214285714285714
1000_ablation_no_flow_HER2.fasta,Ablation_NoFlow_2,0.8264462809917356
1000_ablation_no_flow_HER2.fasta,Ablation_NoFlow_3,0.9166666666666666
1000_ablation_no_flow_HER2.fasta,Ablation_NoFlow_4,1.0
1000_ablation_no_flow_HER2.fasta,Ablation_NoFlow_5,0.6882591093117408
1000_ablation_no_flow_HER2.fasta,Ablation_NoFlow_6,0.8214285714285714
1000_ablation_no_flow_HER2.fasta,Ablation_NoFlow_7,0.9375
1000_ablation_no_flow_HER2.fasta,Ablation_NoFlow_8,0.8214285714285714
1000_ablation_no_flow_HER2.fasta,Ablation_NoFlow_9,1.0
1000_ablation_no_flow_HER2.fasta,Ablation_NoFlow_10,0.9166666666666666
1000_ablation_no_flow_HER2.fasta,Ablation_NoFlow_11,0.8264462809917356
1000_ablation_no_flow_HER2.fasta,Ablation_NoFlow_12,0.875
1000_ablation_no_flow_HER2.fasta,Ablation_NoFlow_13,0.8938053097345132
1000_ablation_no_flow_HER2.fasta,Ablation_NoFlow_14,0.8793103448275862
1000_ablation_no_flow_HER2.fasta,Ablation_NoFlow_15,0.9051724137931034
1000_ablation_no_flow_HER2.fasta,Ablation_NoFlow_16,0.9545454545454546
1000_ablation_no_flow_HER2.fasta,Ablation_NoFlow_17,0.9428571428571428
1000_ablation_no_flow_HER2.fasta,Ablation_NoFlow_18,0.8125
1000_ablation_no_flow_HER2.fasta,Ablation_NoFlow_19,0.9734513274336283
1000_ablation_no_flow_HER2.fasta,Ablation_NoFlow_20,0.9553571428571429
1000_ablation_no_flow_HER2.fasta,Ablation_NoFlow_21,0.8125
1000_ablation_no_flow_HER2.fasta,Ablation_NoFlow_22,1.0
1000_ablation_no_flow_HER2.fasta,Ablation_NoFlow_23,0.8264462809917356
1000_ablation_no_flow_HER2.fasta,Ablation_NoFlow_24,1.0
1000_ablation_no_flow_HER2.fasta,Ablation_NoFlow_25,0.6882591093117408
1000_ablation_no_flow_HER2.fasta,Ablation_NoFlow_26,0.9658119658119658
1000_ablation_no_flow_HER2.fasta,Ablation_NoFlow_27,0.8407079646017699
1000_ablation_no_flow_HER2.fasta,Ablation_NoFlow_28,0.8214285714285714
1000_ablation_no_flow_HER2.fasta,Ablation_NoFlow_29,0.6882591093117408
1000_ablation_no_flow_HER2.fasta,Ablation_NoFlow_30,0.9528301886792453
1000_ablation_no_flow_HER2.fasta,Ablation_NoFlow_31,0.8035714285714286
1000_ablation_no_flow_HER2.fasta,Ablation_NoFlow_32,0.6882591093117408
1000_ablation_no_flow_HER2.fasta,Ablation_NoFlow_33,0.7408906882591093
1000_ablation_no_flow_HER2.fasta,Ablation_NoFlow_34,0.9166666666666666
1000_ablation_no_flow_HER2.fasta,Ablation_NoFlow_35,0.923728813559322
1000_ablation_no_flow_HER2.fasta,Ablation_NoFlow_36,0.9823008849557522
1000_ablation_no_flow_HER2.fasta,Ablation_NoFlow_37,0.9636363636363636
1000_ablation_no_flow_HER2.fasta,Ablation_NoFlow_38,1.0
1000_ablation_no_flow_HER2.fasta,Ablation_NoFlow_39,0.9272727272727272
1000_ablation_no_flow_HER2.fasta,Ablation_NoFlow_40,0.6882591093117408
1000_ablation_no_flow_HER2.fasta,Ablation_NoFlow_41,0.6882591093117408
1000_ablation_no_flow_HER2.fasta,Ablation_NoFlow_42,1.0
1000_ablation_no_flow_HER2.fasta,Ablation_NoFlow_43,0.8899082568807339
1000_ablation_no_flow_HER2.fasta,Ablation_NoFlow_44,0.8738738738738738
1000_ablation_no_flow_HER2.fasta,Ablation_NoFlow_45,0.8264462809917356
1000_ablation_no_flow_HER2.fasta,Ablation_NoFlow_46,0.6882591093117408
1000_ablation_no_flow_HER2.fasta,Ablation_NoFlow_47,1.0
1000_ablation_no_flow_HER2.fasta,Ablation_NoFlow_48,0.9823008849557522
1000_ablation_no_flow_HER2.fasta,Ablation_NoFlow_49,0.944954128440367
1000_ablation_no_flow_HER2.fasta,Ablation_NoFlow_50,0.9026548672566371
1000_ablation_no_flow_HER2.fasta,Ablation_NoFlow_51,0.6882591093117408
1000_ablation_no_flow_HER2.fasta,Ablation_NoFlow_52,0.9166666666666666
1000_ablation_no_flow_HER2.fasta,Ablation_NoFlow_53,0.7457627118644068
1000_ablation_no_flow_HER2.fasta,Ablation_NoFlow_54,0.8738738738738738
1000_ablation_no_flow_HER2.fasta,Ablation_NoFlow_55,0.8214285714285714
1000_ablation_no_flow_HER2.fasta,Ablation_NoFlow_56,1.0
1000_ablation_no_flow_HER2.fasta,Ablation_NoFlow_57,0.8214285714285714
1000_ablation_no_flow_HER2.fasta,Ablation_NoFlow_58,0.6882591093117408
1000_ablation_no_flow_HER2.fasta,Ablation_NoFlow_59,0.9026548672566371
1000_ablation_no_flow_HER2.fasta,Ablation_NoFlow_60,0.9568965517241379
1000_ablation_no_flow_HER2.fasta,Ablation_NoFlow_61,0.9074074074074074
1000_ablation_no_flow_HER2.fasta,Ablation_NoFlow_62,0.8918918918918919
1000_ablation_no_flow_HER2.fasta,Ablation_NoFlow_63,0.8035714285714286
1000_ablation_no_flow_HER2.fasta,Ablation_NoFlow_64,0.8738738738738738
1000_ablation_no_flow_HER2.fasta,Ablation_NoFlow_65,0.8125
1000_ablation_no_flow_HER2.fasta,Ablation_NoFlow_66,0.8125
1000_ablation_no_flow_HER2.fasta,Ablation_NoFlow_67,0.9380530973451328
1000_ablation_no_flow_HER2.fasta,Ablation_NoFlow_68,0.8727272727272727
1000_ablation_no_flow_HER2.fasta,Ablation_NoFlow_69,0.8672566371681416
1000_ablation_no_flow_HER2.fasta,Ablation_NoFlow_70,0.9545454545454546
1000_ablation_no_flow_HER2.fasta,Ablation_NoFlow_71,1.0
1000_ablation_no_flow_HER2.fasta,Ablation_NoFlow_72,0.6882591093117408
1000_ablation_no_flow_HER2.fasta,Ablation_NoFlow_73,0.9734513274336283
1000_ablation_no_flow_HER2.fasta,Ablation_NoFlow_74,0.9166666666666666
1000_ablation_no_flow_HER2.fasta,Ablation_NoFlow_75,0.8218623481781376
1000_ablation_no_flow_HER2.fasta,Ablation_NoFlow_76,0.9166666666666666
1000_ablation_no_flow_HER2.fasta,Ablation_NoFlow_77,0.8738738738738738
1000_ablation_no_flow_HER2.fasta,Ablation_NoFlow_78,0.6882591093117408
1000_ablation_no_flow_HER2.fasta,Ablation_NoFlow_79,0.9174311926605505
1000_ablation_no_flow_HER2.fasta,Ablation_NoFlow_80,0.7457627118644068
1000_ablation_no_flow_HER2.fasta,Ablation_NoFlow_81,0.7962962962962963
1000_ablation_no_flow_HER2.fasta,Ablation_NoFlow_82,0.8532110091743119
1000_ablation_no_flow_HER2.fasta,Ablation_NoFlow_83,0.9734513274336283
1000_ablation_no_flow_HER2.fasta,Ablation_NoFlow_84,0.8264462809917356
1000_ablation_no_flow_HER2.fasta,Ablation_NoFlow_85,0.9734513274336283
1000_ablation_no_flow_HER2.fasta,Ablation_NoFlow_86,0.9166666666666666
1000_ablation_no_flow_HER2.fasta,Ablation_NoFlow_87,0.8695652173913043
1000_ablation_no_flow_HER2.fasta,Ablation_NoFlow_88,0.6882591093117408
1000_ablation_no_flow_HER2.fasta,Ablation_NoFlow_89,1.0
1000_ablation_no_flow_HER2.fasta,Ablation_NoFlow_90,0.75
1000_ablation_no_flow_HER2.fasta,Ablation_NoFlow_91,0.8739495798319328
1000_ablation_no_flow_HER2.fasta,Ablation_NoFlow_92,0.8264462809917356
1000_ablation_no_flow_HER2.fasta,Ablation_NoFlow_93,0.8407079646017699
1000_ablation_no_flow_HER2.fasta,Ablation_NoFlow_94,0.8738738738738738
1000_ablation_no_flow_HER2.fasta,Ablation_NoFlow_95,0.8218623481781376
1000_ablation_no_flow_HER2.fasta,Ablation_NoFlow_96,0.9636363636363636
1000_ablation_no_flow_HER2.fasta,Ablation_NoFlow_97,1.0
1000_ablation_no_flow_HER2.fasta,Ablation_NoFlow_98,0.9553571428571429
1000_ablation_no_flow_HER2.fasta,Ablation_NoFlow_99,0.8947368421052632
1000_ablation_no_flow_HER2.fasta,Ablation_NoFlow_100,0.6882591093117408
1000_ablation_no_flow_HER2.fasta,Ablation_NoFlow_101,0.8899082568807339
1000_ablation_no_flow_HER2.fasta,Ablation_NoFlow_102,0.7692307692307693
1000_ablation_no_flow_HER2.fasta,Ablation_NoFlow_103,0.8214285714285714
1000_ablation_no_flow_HER2.fasta,Ablation_NoFlow_104,0.8214285714285714
1000_ablation_no_flow_HER2.fasta,Ablation_NoFlow_105,0.6882591093117408
1000_ablation_no_flow_HER2.fasta,Ablation_NoFlow_106,0.7706422018348624
1000_ablation_no_flow_HER2.fasta,Ablation_NoFlow_107,1.0
1000_ablation_no_flow_HER2.fasta,Ablation_NoFlow_108,0.8340080971659919
1000_ablation_no_flow_HER2.fasta,Ablation_NoFlow_109,0.8559322033898306
1000_ablation_no_flow_HER2.fasta,Ablation_NoFlow_110,0.8981481481481481
1000_ablation_no_flow_HER2.fasta,Ablation_NoFlow_111,0.8782608695652174
1000_ablation_no_flow_HER2.fasta,Ablation_NoFlow_112,0.8214285714285714
1000_ablation_no_flow_HER2.fasta,Ablation_NoFlow_113,0.9074074074074074
1000_ablation_no_flow_HER2.fasta,Ablation_NoFlow_114,0.8990825688073395
1000_ablation_no_flow_HER2.fasta,Ablation_NoFlow_115,0.8125
1000_ablation_no_flow_HER2.fasta,Ablation_NoFlow_116,0.8596491228070176
1000_ablation_no_flow_HER2.fasta,Ablation_NoFlow_117,0.8035714285714286
1000_ablation_no_flow_HER2.fasta,Ablation_NoFlow_118,0.6882591093117408
1000_ablation_no_flow_HER2.fasta,Ablation_NoFlow_119,0.8717948717948718
1000_ablation_no_flow_HER2.fasta,Ablation_NoFlow_120,0.8738738738738738
1000_ablation_no_flow_HER2.fasta,Ablation_NoFlow_121,1.0
1000_ablation_no_flow_HER2.fasta,Ablation_NoFlow_122,0.9285714285714286
1000_ablation_no_flow_HER2.fasta,Ablation_NoFlow_123,0.6882591093117408
1000_ablation_no_flow_HER2.fasta,Ablation_NoFlow_124,0.75
1000_ablation_no_flow_HER2.fasta,Ablation_NoFlow_125,1.0
1000_ablation_no_flow_HER2.fasta,Ablation_NoFlow_126,0.7692307692307693
1000_ablation_no_flow_HER2.fasta,Ablation_NoFlow_127,0.8264462809917356
1000_ablation_no_flow_HER2.fasta,Ablation_NoFlow_128,0.9
1000_ablation_no_flow_HER2.fasta,Ablation_NoFlow_129,0.9259259259259259
1000_ablation_no_flow_HER2.fasta,Ablation_NoFlow_130,0.8264462809917356
1000_ablation_no_flow_HER2.fasta,Ablation_NoFlow_131,0.9823008849557522
1000_ablation_no_flow_HER2.fasta,Ablation_NoFlow_132,0.8053097345132744
1000_ablation_no_flow_HER2.fasta,Ablation_NoFlow_133,1.0
1000_ablation_no_flow_HER2.fasta,Ablation_NoFlow_134,0.9166666666666666
1000_ablation_no_flow_HER2.fasta,Ablation_NoFlow_135,0.8340080971659919
1000_ablation_no_flow_HER2.fasta,Ablation_NoFlow_136,0.8938053097345132
1000_ablation_no_flow_HER2.fasta,Ablation_NoFlow_137,0.908256880733945
1000_ablation_no_flow_HER2.fasta,Ablation_NoFlow_138,0.8909090909090909
1000_ablation_no_flow_HER2.fasta,Ablation_NoFlow_139,0.9345794392523364
1000_ablation_no_flow_HER2.fasta,Ablation_NoFlow_140,0.8214285714285714
1000_ablation_no_flow_HER2.fasta,Ablation_NoFlow_141,0.8264462809917356
1000_ablation_no_flow_HER2.fasta,Ablation_NoFlow_142,0.9166666666666666
1000_ablation_no_flow_HER2.fasta,Ablation_NoFlow_143,0.8849557522123894
1000_ablation_no_flow_HER2.fasta,Ablation_NoFlow_144,0.8256880733944955
1000_ablation_no_flow_HER2.fasta,Ablation_NoFlow_145,0.6882591093117408
1000_ablation_no_flow_HER2.fasta,Ablation_NoFlow_146,0.8264462809917356
1000_ablation_no_flow_HER2.fasta,Ablation_NoFlow_147,0.7408906882591093
1000_ablation_no_flow_HER2.fasta,Ablation_NoFlow_148,0.7636363636363637
1000_ablation_no_flow_HER2.fasta,Ablation_NoFlow_149,0.918918918918919
1000_ablation_no_flow_HER2.fasta,Ablation_NoFlow_150,0.8648648648648649
1000_ablation_no_flow_HER2.fasta,Ablation_NoFlow_151,1.0
1000_ablation_no_flow_HER2.fasta,Ablation_NoFlow_152,0.9658119658119658
1000_ablation_no_flow_HER2.fasta,Ablation_NoFlow_153,0.8259109311740891
1000_ablation_no_flow_HER2.fasta,Ablation_NoFlow_154,0.9166666666666666
1000_ablation_no_flow_HER2.fasta,Ablation_NoFlow_155,0.9380530973451328
1000_ablation_no_flow_HER2.fasta,Ablation_NoFlow_156,0.8214285714285714
1000_ablation_no_flow_HER2.fasta,Ablation_NoFlow_157,0.7489878542510121
1000_ablation_no_flow_HER2.fasta,Ablation_NoFlow_158,1.0
1000_ablation_no_flow_HER2.fasta,Ablation_NoFlow_159,0.8407079646017699
1000_ablation_no_flow_HER2.fasta,Ablation_NoFlow_160,0.8717948717948718
1000_ablation_no_flow_HER2.fasta,Ablation_NoFlow_161,0.9541284403669725
1000_ablation_no_flow_HER2.fasta,Ablation_NoFlow_162,0.8214285714285714
1000_ablation_no_flow_HER2.fasta,Ablation_NoFlow_163,0.8125
1000_ablation_no_flow_HER2.fasta,Ablation_NoFlow_164,1.0
1000_ablation_no_flow_HER2.fasta,Ablation_NoFlow_165,0.8137651821862348
1000_ablation_no_flow_HER2.fasta,Ablation_NoFlow_166,0.9590163934426229
1000_ablation_no_flow_HER2.fasta,Ablation_NoFlow_167,0.9181818181818182
1000_ablation_no_flow_HER2.fasta,Ablation_NoFlow_168,0.9230769230769231
1000_ablation_no_flow_HER2.fasta,Ablation_NoFlow_169,0.8991596638655462
1000_ablation_no_flow_HER2.fasta,Ablation_NoFlow_170,0.8849557522123894
1000_ablation_no_flow_HER2.fasta,Ablation_NoFlow_171,1.0
1000_ablation_no_flow_HER2.fasta,Ablation_NoFlow_172,0.8695652173913043
1000_ablation_no_flow_HER2.fasta,Ablation_NoFlow_173,0.9166666666666666
1000_ablation_no_flow_HER2.fasta,Ablation_NoFlow_174,0.9357798165137615
1000_ablation_no_flow_HER2.fasta,Ablation_NoFlow_175,0.7053571428571429
1000_ablation_no_flow_HER2.fasta,Ablation_NoFlow_176,0.865546218487395
1000_ablation_no_flow_HER2.fasta,Ablation_NoFlow_177,0.8214285714285714
1000_ablation_no_flow_HER2.fasta,Ablation_NoFlow_178,0.7457627118644068
1000_ablation_no_flow_HER2.fasta,Ablation_NoFlow_179,0.897196261682243
1000_ablation_no_flow_HER2.fasta,Ablation_NoFlow_180,0.8532110091743119
1000_ablation_no_flow_HER2.fasta,Ablation_NoFlow_181,0.7706422018348624
1000_ablation_no_flow_HER2.fasta,Ablation_NoFlow_182,0.8508771929824561
1000_ablation_no_flow_HER2.fasta,Ablation_NoFlow_183,0.6882591093117408
1000_ablation_no_flow_HER2.fasta,Ablation_NoFlow_184,0.9541284403669725
1000_ablation_no_flow_HER2.fasta,Ablation_NoFlow_185,0.9537037037037037
1000_ablation_no_flow_HER2.fasta,Ablation_NoFlow_186,0.6882591093117408
1000_ablation_no_flow_HER2.fasta,Ablation_NoFlow_187,0.8214285714285714
1000_ablation_no_flow_HER2.fasta,Ablation_NoFlow_188,0.9734513274336283
1000_ablation_no_flow_HER2.fasta,Ablation_NoFlow_189,0.6882591093117408
1000_ablation_no_flow_HER2.fasta,Ablation_NoFlow_190,0.8053097345132744
1000_ablation_no_flow_HER2.fasta,Ablation_NoFlow_191,0.8738738738738738
1000_ablation_no_flow_HER2.fasta,Ablation_NoFlow_192,0.8738738738738738
1000_ablation_no_flow_HER2.fasta,Ablation_NoFlow_193,0.8407079646017699
1000_ablation_no_flow_HER2.fasta,Ablation_NoFlow_194,0.7457627118644068
1000_ablation_no_flow_HER2.fasta,Ablation_NoFlow_195,0.9174311926605505
1000_ablation_no_flow_HER2.fasta,Ablation_NoFlow_196,0.6882591093117408
1000_ablation_no_flow_HER2.fasta,Ablation_NoFlow_197,1.0
1000_ablation_no_flow_HER2.fasta,Ablation_NoFlow_198,0.8738738738738738
1000_ablation_no_flow_HER2.fasta,Ablation_NoFlow_199,0.8230088495575221
1000_ablation_no_flow_HER2.fasta,Ablation_NoFlow_200,0.6882591093117408
1000_ablation_no_flow_HER2.fasta,Ablation_NoFlow_201,0.9658119658119658
1000_ablation_no_flow_HER2.fasta,Ablation_NoFlow_202,0.9272727272727272
1000_ablation_no_flow_HER2.fasta,Ablation_NoFlow_203,0.8125
1000_ablation_no_flow_HER2.fasta,Ablation_NoFlow_204,0.8347826086956521
1000_ablation_no_flow_HER2.fasta,Ablation_NoFlow_205,1.0
1000_ablation_no_flow_HER2.fasta,Ablation_NoFlow_206,0.7706422018348624
1000_ablation_no_flow_HER2.fasta,Ablation_NoFlow_207,0.8272727272727273
1000_ablation_no_flow_HER2.fasta,Ablation_NoFlow_208,1.0
1000_ablation_no_flow_HER2.fasta,Ablation_NoFlow_209,0.9487179487179487
1000_ablation_no_flow_HER2.fasta,Ablation_NoFlow_210,0.9557522123893806
1000_ablation_no_flow_HER2.fasta,Ablation_NoFlow_211,0.9572649572649573
1000_ablation_no_flow_HER2.fasta,Ablation_NoFlow_212,0.9380530973451328
1000_ablation_no_flow_HER2.fasta,Ablation_NoFlow_213,1.0
1000_ablation_no_flow_HER2.fasta,Ablation_NoFlow_214,0.8125
1000_ablation_no_flow_HER2.fasta,Ablation_NoFlow_215,1.0
1000_ablation_no_flow_HER2.fasta,Ablation_NoFlow_216,0.9716981132075472
1000_ablation_no_flow_HER2.fasta,Ablation_NoFlow_217,0.9107142857142857
1000_ablation_no_flow_HER2.fasta,Ablation_NoFlow_218,0.8672566371681416
1000_ablation_no_flow_HER2.fasta,Ablation_NoFlow_219,0.7706422018348624
1000_ablation_no_flow_HER2.fasta,Ablation_NoFlow_220,1.0
1000_ablation_no_flow_HER2.fasta,Ablation_NoFlow_221,1.0
1000_ablation_no_flow_HER2.fasta,Ablation_NoFlow_222,0.7542372881355932
1000_ablation_no_flow_HER2.fasta,Ablation_NoFlow_223,0.8738738738738738
1000_ablation_no_flow_HER2.fasta,Ablation_NoFlow_224,1.0
1000_ablation_no_flow_HER2.fasta,Ablation_NoFlow_225,0.9439252336448598
1000_ablation_no_flow_HER2.fasta,Ablation_NoFlow_226,0.9
1000_ablation_no_flow_HER2.fasta,Ablation_NoFlow_227,0.9279279279279279
1000_ablation_no_flow_HER2.fasta,Ablation_NoFlow_228,0.911504424778761
1000_ablation_no_flow_HER2.fasta,Ablation_NoFlow_229,1.0
1000_ablation_no_flow_HER2.fasta,Ablation_NoFlow_230,0.9572649572649573
1000_ablation_no_flow_HER2.fasta,Ablation_NoFlow_231,0.6882591093117408
1000_ablation_no_flow_HER2.fasta,Ablation_NoFlow_232,0.972972972972973
1000_ablation_no_flow_HER2.fasta,Ablation_NoFlow_233,0.9658119658119658
1000_ablation_no_flow_HER2.fasta,Ablation_NoFlow_234,0.8347826086956521
1000_ablation_no_flow_HER2.fasta,Ablation_NoFlow_235,0.9166666666666666
1000_ablation_no_flow_HER2.fasta,Ablation_NoFlow_236,0.8264462809917356
1000_ablation_no_flow_HER2.fasta,Ablation_NoFlow_237,0.8706896551724138
1000_ablation_no_flow_HER2.fasta,Ablation_NoFlow_238,0.9152542372881356
1000_ablation_no_flow_HER2.fasta,Ablation_NoFlow_239,1.0
1000_ablation_no_flow_HER2.fasta,Ablation_NoFlow_240,0.8264462809917356
1000_ablation_no_flow_HER2.fasta,Ablation_NoFlow_241,0.9174311926605505
1000_ablation_no_flow_HER2.fasta,Ablation_NoFlow_242,1.0
1000_ablation_no_flow_HER2.fasta,Ablation_NoFlow_243,0.7706422018348624
1000_ablation_no_flow_HER2.fasta,Ablation_NoFlow_244,0.9166666666666666
1000_ablation_no_flow_HER2.fasta,Ablation_NoFlow_245,0.8259109311740891
1000_ablation_no_flow_HER2.fasta,Ablation_NoFlow_246,1.0
1000_ablation_no_flow_HER2.fasta,Ablation_NoFlow_247,1.0
1000_ablation_no_flow_HER2.fasta,Ablation_NoFlow_248,0.6882591093117408
1000_ablation_no_flow_HER2.fasta,Ablation_NoFlow_249,1.0
1000_ablation_no_flow_HER2.fasta,Ablation_NoFlow_250,0.6882591093117408
1000_ablation_no_flow_HER2.fasta,Ablation_NoFlow_251,0.9166666666666666
1000_ablation_no_flow_HER2.fasta,Ablation_NoFlow_252,0.9166666666666666
1000_ablation_no_flow_HER2.fasta,Ablation_NoFlow_253,0.853448275862069
1000_ablation_no_flow_HER2.fasta,Ablation_NoFlow_254,0.7706422018348624
1000_ablation_no_flow_HER2.fasta,Ablation_NoFlow_255,0.9537037037037037
1000_ablation_no_flow_HER2.fasta,Ablation_NoFlow_256,0.8125
1000_ablation_no_flow_HER2.fasta,Ablation_NoFlow_257,0.9166666666666666
1000_ablation_no_flow_HER2.fasta,Ablation_NoFlow_258,0.911504424778761
1000_ablation_no_flow_HER2.fasta,Ablation_NoFlow_259,1.0
1000_ablation_no_flow_HER2.fasta,Ablation_NoFlow_260,1.0
1000_ablation_no_flow_HER2.fasta,Ablation_NoFlow_261,0.9734513274336283
1000_ablation_no_flow_HER2.fasta,Ablation_NoFlow_262,0.9074074074074074
1000_ablation_no_flow_HER2.fasta,Ablation_NoFlow_263,0.9272727272727272
1000_ablation_no_flow_HER2.fasta,Ablation_NoFlow_264,0.8672566371681416
1000_ablation_no_flow_HER2.fasta,Ablation_NoFlow_265,0.9099099099099099
1000_ablation_no_flow_HER2.fasta,Ablation_NoFlow_266,0.8738738738738738
1000_ablation_no_flow_HER2.fasta,Ablation_NoFlow_267,0.9174311926605505
1000_ablation_no_flow_HER2.fasta,Ablation_NoFlow_268,0.8214285714285714
1000_ablation_no_flow_HER2.fasta,Ablation_NoFlow_269,0.9823008849557522
1000_ablation_no_flow_HER2.fasta,Ablation_NoFlow_270,0.9504132231404959
1000_ablation_no_flow_HER2.fasta,Ablation_NoFlow_271,0.8378378378378378
1000_ablation_no_flow_HER2.fasta,Ablation_NoFlow_272,0.6882591093117408
1000_ablation_no_flow_HER2.fasta,Ablation_NoFlow_273,0.8981481481481481
1000_ablation_no_flow_HER2.fasta,Ablation_NoFlow_274,1.0
1000_ablation_no_flow_HER2.fasta,Ablation_NoFlow_275,0.8125
1000_ablation_no_flow_HER2.fasta,Ablation_NoFlow_276,0.7692307692307693
1000_ablation_no_flow_HER2.fasta,Ablation_NoFlow_277,0.8482142857142857
1000_ablation_no_flow_HER2.fasta,Ablation_NoFlow_278,1.0
1000_ablation_no_flow_HER2.fasta,Ablation_NoFlow_279,1.0
1000_ablation_no_flow_HER2.fasta,Ablation_NoFlow_280,0.7706422018348624
1000_ablation_no_flow_HER2.fasta,Ablation_NoFlow_281,0.9823008849557522
1000_ablation_no_flow_HER2.fasta,Ablation_NoFlow_282,0.9636363636363636
1000_ablation_no_flow_HER2.fasta,Ablation_NoFlow_283,0.9243697478991597
1000_ablation_no_flow_HER2.fasta,Ablation_NoFlow_284,0.9259259259259259
1000_ablation_no_flow_HER2.fasta,Ablation_NoFlow_285,1.0
1000_ablation_no_flow_HER2.fasta,Ablation_NoFlow_286,0.8828828828828829
1000_ablation_no_flow_HER2.fasta,Ablation_NoFlow_287,0.8137651821862348
1000_ablation_no_flow_HER2.fasta,Ablation_NoFlow_288,0.9152542372881356
1000_ablation_no_flow_HER2.fasta,Ablation_NoFlow_289,0.8899082568807339
1000_ablation_no_flow_HER2.fasta,Ablation_NoFlow_290,0.8259109311740891
1000_ablation_no_flow_HER2.fasta,Ablation_NoFlow_291,1.0
1000_ablation_no_flow_HER2.fasta,Ablation_NoFlow_292,0.9166666666666666
1000_ablation_no_flow_HER2.fasta,Ablation_NoFlow_293,0.8214285714285714
1000_ablation_no_flow_HER2.fasta,Ablation_NoFlow_294,0.8928571428571429
1000_ablation_no_flow_HER2.fasta,Ablation_NoFlow_295,0.9572649572649573
1000_ablation_no_flow_HER2.fasta,Ablation_NoFlow_296,0.8264462809917356
1000_ablation_no_flow_HER2.fasta,Ablation_NoFlow_297,0.8214285714285714
1000_ablation_no_flow_HER2.fasta,Ablation_NoFlow_298,0.9099099099099099
1000_ablation_no_flow_HER2.fasta,Ablation_NoFlow_299,0.8264462809917356
1000_ablation_no_flow_HER2.fasta,Ablation_NoFlow_300,0.8899082568807339
1000_ablation_no_flow_HER2.fasta,Ablation_NoFlow_301,0.6882591093117408
1000_ablation_no_flow_HER2.fasta,Ablation_NoFlow_302,1.0
1000_ablation_no_flow_HER2.fasta,Ablation_NoFlow_303,0.9545454545454546
1000_ablation_no_flow_HER2.fasta,Ablation_NoFlow_304,0.9166666666666666
1000_ablation_no_flow_HER2.fasta,Ablation_NoFlow_305,0.9074074074074074
1000_ablation_no_flow_HER2.fasta,Ablation_NoFlow_306,0.6882591093117408
1000_ablation_no_flow_HER2.fasta,Ablation_NoFlow_307,0.9017857142857143
1000_ablation_no_flow_HER2.fasta,Ablation_NoFlow_308,0.911504424778761
1000_ablation_no_flow_HER2.fasta,Ablation_NoFlow_309,0.7692307692307693
1000_ablation_no_flow_HER2.fasta,Ablation_NoFlow_310,1.0
1000_ablation_no_flow_HER2.fasta,Ablation_NoFlow_311,0.8956521739130435
1000_ablation_no_flow_HER2.fasta,Ablation_NoFlow_312,0.8137651821862348
1000_ablation_no_flow_HER2.fasta,Ablation_NoFlow_313,0.9734513274336283
1000_ablation_no_flow_HER2.fasta,Ablation_NoFlow_314,0.7927927927927928
1000_ablation_no_flow_HER2.fasta,Ablation_NoFlow_315,0.6882591093117408
1000_ablation_no_flow_HER2.fasta,Ablation_NoFlow_316,1.0
1000_ablation_no_flow_HER2.fasta,Ablation_NoFlow_317,0.8347826086956521
1000_ablation_no_flow_HER2.fasta,Ablation_NoFlow_318,1.0
1000_ablation_no_flow_HER2.fasta,Ablation_NoFlow_319,0.8125
1000_ablation_no_flow_HER2.fasta,Ablation_NoFlow_320,0.7457627118644068
1000_ablation_no_flow_HER2.fasta,Ablation_NoFlow_321,0.8264462809917356
1000_ablation_no_flow_HER2.fasta,Ablation_NoFlow_322,0.8695652173913043
1000_ablation_no_flow_HER2.fasta,Ablation_NoFlow_323,0.7457627118644068
1000_ablation_no_flow_HER2.fasta,Ablation_NoFlow_324,0.9823008849557522
1000_ablation_no_flow_HER2.fasta,Ablation_NoFlow_325,0.908256880733945
1000_ablation_no_flow_HER2.fasta,Ablation_NoFlow_326,0.8738738738738738
1000_ablation_no_flow_HER2.fasta,Ablation_NoFlow_327,0.8264462809917356
1000_ablation_no_flow_HER2.fasta,Ablation_NoFlow_328,1.0
1000_ablation_no_flow_HER2.fasta,Ablation_NoFlow_329,0.6882591093117408
1000_ablation_no_flow_HER2.fasta,Ablation_NoFlow_330,0.8214285714285714
1000_ablation_no_flow_HER2.fasta,Ablation_NoFlow_331,1.0
1000_ablation_no_flow_HER2.fasta,Ablation_NoFlow_332,0.9734513274336283
1000_ablation_no_flow_HER2.fasta,Ablation_NoFlow_333,1.0
1000_ablation_no_flow_HER2.fasta,Ablation_NoFlow_334,0.7457627118644068
1000_ablation_no_flow_HER2.fasta,Ablation_NoFlow_335,1.0
1000_ablation_no_flow_HER2.fasta,Ablation_NoFlow_336,0.6882591093117408
1000_ablation_no_flow_HER2.fasta,Ablation_NoFlow_337,0.8378378378378378
1000_ablation_no_flow_HER2.fasta,Ablation_NoFlow_338,0.9636363636363636
1000_ablation_no_flow_HER2.fasta,Ablation_NoFlow_339,0.9576271186440678
1000_ablation_no_flow_HER2.fasta,Ablation_NoFlow_340,0.7449392712550608
1000_ablation_no_flow_HER2.fasta,Ablation_NoFlow_341,0.6882591093117408
1000_ablation_no_flow_HER2.fasta,Ablation_NoFlow_342,0.8259109311740891
1000_ablation_no_flow_HER2.fasta,Ablation_NoFlow_343,0.8956521739130435
1000_ablation_no_flow_HER2.fasta,Ablation_NoFlow_344,0.8706896551724138
1000_ablation_no_flow_HER2.fasta,Ablation_NoFlow_345,0.8981481481481481
1000_ablation_no_flow_HER2.fasta,Ablation_NoFlow_346,0.8214285714285714
1000_ablation_no_flow_HER2.fasta,Ablation_NoFlow_347,0.9439252336448598
1000_ablation_no_flow_HER2.fasta,Ablation_NoFlow_348,0.8793103448275862
1000_ablation_no_flow_HER2.fasta,Ablation_NoFlow_349,1.0
1000_ablation_no_flow_HER2.fasta,Ablation_NoFlow_350,1.0
1000_ablation_no_flow_HER2.fasta,Ablation_NoFlow_351,0.956140350877193
1000_ablation_no_flow_HER2.fasta,Ablation_NoFlow_352,0.8909090909090909
1000_ablation_no_flow_HER2.fasta,Ablation_NoFlow_353,0.9818181818181818
1000_ablation_no_flow_HER2.fasta,Ablation_NoFlow_354,0.8717948717948718
1000_ablation_no_flow_HER2.fasta,Ablation_NoFlow_355,0.8214285714285714
1000_ablation_no_flow_HER2.fasta,Ablation_NoFlow_356,0.9537037037037037
1000_ablation_no_flow_HER2.fasta,Ablation_NoFlow_357,0.819047619047619
1000_ablation_no_flow_HER2.fasta,Ablation_NoFlow_358,0.9074074074074074
1000_ablation_no_flow_HER2.fasta,Ablation_NoFlow_359,0.9166666666666666
1000_ablation_no_flow_HER2.fasta,Ablation_NoFlow_360,0.9166666666666666
1000_ablation_no_flow_HER2.fasta,Ablation_NoFlow_361,0.8981481481481481
1000_ablation_no_flow_HER2.fasta,Ablation_NoFlow_362,1.0
1000_ablation_no_flow_HER2.fasta,Ablation_NoFlow_363,1.0
1000_ablation_no_flow_HER2.fasta,Ablation_NoFlow_364,0.8264462809917356
1000_ablation_no_flow_HER2.fasta,Ablation_NoFlow_365,0.9009009009009009
1000_ablation_no_flow_HER2.fasta,Ablation_NoFlow_366,0.7706422018348624
1000_ablation_no_flow_HER2.fasta,Ablation_NoFlow_367,0.8899082568807339
1000_ablation_no_flow_HER2.fasta,Ablation_NoFlow_368,0.9401709401709402
1000_ablation_no_flow_HER2.fasta,Ablation_NoFlow_369,1.0
1000_ablation_no_flow_HER2.fasta,Ablation_NoFlow_370,0.9545454545454546
1000_ablation_no_flow_HER2.fasta,Ablation_NoFlow_371,1.0
1000_ablation_no_flow_HER2.fasta,Ablation_NoFlow_372,1.0
1000_ablation_no_flow_HER2.fasta,Ablation_NoFlow_373,0.9166666666666666
1000_ablation_no_flow_HER2.fasta,Ablation_NoFlow_374,0.7706422018348624
1000_ablation_no_flow_HER2.fasta,Ablation_NoFlow_375,1.0
1000_ablation_no_flow_HER2.fasta,Ablation_NoFlow_376,0.8230088495575221
1000_ablation_no_flow_HER2.fasta,Ablation_NoFlow_377,0.9636363636363636
1000_ablation_no_flow_HER2.fasta,Ablation_NoFlow_378,0.9174311926605505
1000_ablation_no_flow_HER2.fasta,Ablation_NoFlow_379,0.9416666666666667
1000_ablation_no_flow_HER2.fasta,Ablation_NoFlow_380,0.9545454545454546
1000_ablation_no_flow_HER2.fasta,Ablation_NoFlow_381,0.8947368421052632
1000_ablation_no_flow_HER2.fasta,Ablation_NoFlow_382,0.9572649572649573
1000_ablation_no_flow_HER2.fasta,Ablation_NoFlow_383,0.6882591093117408
1000_ablation_no_flow_HER2.fasta,Ablation_NoFlow_384,1.0
1000_ablation_no_flow_HER2.fasta,Ablation_NoFlow_385,0.911504424778761
1000_ablation_no_flow_HER2.fasta,Ablation_NoFlow_386,0.8738738738738738
1000_ablation_no_flow_HER2.fasta,Ablation_NoFlow_387,0.8214285714285714
1000_ablation_no_flow_HER2.fasta,Ablation_NoFlow_388,0.8378378378378378
1000_ablation_no_flow_HER2.fasta,Ablation_NoFlow_389,0.918918918918919
1000_ablation_no_flow_HER2.fasta,Ablation_NoFlow_390,0.9568965517241379
1000_ablation_no_flow_HER2.fasta,Ablation_NoFlow_391,0.6882591093117408
1000_ablation_no_flow_HER2.fasta,Ablation_NoFlow_392,0.8125
1000_ablation_no_flow_HER2.fasta,Ablation_NoFlow_393,1.0
1000_ablation_no_flow_HER2.fasta,Ablation_NoFlow_394,0.8738738738738738
1000_ablation_no_flow_HER2.fasta,Ablation_NoFlow_395,0.8793103448275862
1000_ablation_no_flow_HER2.fasta,Ablation_NoFlow_396,0.8264462809917356
1000_ablation_no_flow_HER2.fasta,Ablation_NoFlow_397,0.6882591093117408
1000_ablation_no_flow_HER2.fasta,Ablation_NoFlow_398,0.9210526315789473
1000_ablation_no_flow_HER2.fasta,Ablation_NoFlow_399,1.0
1000_ablation_no_flow_HER2.fasta,Ablation_NoFlow_400,1.0
1000_ablation_no_flow_HER2.fasta,Ablation_NoFlow_401,0.8738738738738738
1000_ablation_no_flow_HER2.fasta,Ablation_NoFlow_402,0.7692307692307693
1000_ablation_no_flow_HER2.fasta,Ablation_NoFlow_403,0.8347826086956521
1000_ablation_no_flow_HER2.fasta,Ablation_NoFlow_404,0.8264462809917356
1000_ablation_no_flow_HER2.fasta,Ablation_NoFlow_405,0.8264462809917356
1000_ablation_no_flow_HER2.fasta,Ablation_NoFlow_406,0.9166666666666666
1000_ablation_no_flow_HER2.fasta,Ablation_NoFlow_407,0.8347826086956521
1000_ablation_no_flow_HER2.fasta,Ablation_NoFlow_408,0.9537037037037037
1000_ablation_no_flow_HER2.fasta,Ablation_NoFlow_409,0.9285714285714286
1000_ablation_no_flow_HER2.fasta,Ablation_NoFlow_410,0.8218623481781376
1000_ablation_no_flow_HER2.fasta,Ablation_NoFlow_411,1.0
1000_ablation_no_flow_HER2.fasta,Ablation_NoFlow_412,0.9545454545454546
1000_ablation_no_flow_HER2.fasta,Ablation_NoFlow_413,1.0
1000_ablation_no_flow_HER2.fasta,Ablation_NoFlow_414,0.9166666666666666
1000_ablation_no_flow_HER2.fasta,Ablation_NoFlow_415,0.8264462809917356
1000_ablation_no_flow_HER2.fasta,Ablation_NoFlow_416,0.7706422018348624
1000_ablation_no_flow_HER2.fasta,Ablation_NoFlow_417,0.8717948717948718
1000_ablation_no_flow_HER2.fasta,Ablation_NoFlow_418,0.9166666666666666
1000_ablation_no_flow_HER2.fasta,Ablation_NoFlow_419,0.8347826086956521
1000_ablation_no_flow_HER2.fasta,Ablation_NoFlow_420,0.8407079646017699
1000_ablation_no_flow_HER2.fasta,Ablation_NoFlow_421,0.7692307692307693
1000_ablation_no_flow_HER2.fasta,Ablation_NoFlow_422,0.9166666666666666
1000_ablation_no_flow_HER2.fasta,Ablation_NoFlow_423,0.911504424778761
1000_ablation_no_flow_HER2.fasta,Ablation_NoFlow_424,1.0
1000_ablation_no_flow_HER2.fasta,Ablation_NoFlow_425,0.9669421487603306
1000_ablation_no_flow_HER2.fasta,Ablation_NoFlow_426,0.9166666666666666
1000_ablation_no_flow_HER2.fasta,Ablation_NoFlow_427,0.8956521739130435
1000_ablation_no_flow_HER2.fasta,Ablation_NoFlow_428,0.9734513274336283
1000_ablation_no_flow_HER2.fasta,Ablation_NoFlow_429,0.7692307692307693
1000_ablation_no_flow_HER2.fasta,Ablation_NoFlow_430,0.9243697478991597
1000_ablation_no_flow_HER2.fasta,Ablation_NoFlow_431,0.8407079646017699
1000_ablation_no_flow_HER2.fasta,Ablation_NoFlow_432,0.8898305084745762
1000_ablation_no_flow_HER2.fasta,Ablation_NoFlow_433,0.7706422018348624
1000_ablation_no_flow_HER2.fasta,Ablation_NoFlow_434,0.8584070796460177
1000_ablation_no_flow_HER2.fasta,Ablation_NoFlow_435,0.8407079646017699
1000_ablation_no_flow_HER2.fasta,Ablation_NoFlow_436,0.9363636363636364
1000_ablation_no_flow_HER2.fasta,Ablation_NoFlow_437,0.9107142857142857
1000_ablation_no_flow_HER2.fasta,Ablation_NoFlow_438,0.8738738738738738
1000_ablation_no_flow_HER2.fasta,Ablation_NoFlow_439,0.8888888888888888
1000_ablation_no_flow_HER2.fasta,Ablation_NoFlow_440,0.9259259259259259
1000_ablation_no_flow_HER2.fasta,Ablation_NoFlow_441,0.9259259259259259
1000_ablation_no_flow_HER2.fasta,Ablation_NoFlow_442,0.8738738738738738
1000_ablation_no_flow_HER2.fasta,Ablation_NoFlow_443,1.0
1000_ablation_no_flow_HER2.fasta,Ablation_NoFlow_444,0.8717948717948718
1000_ablation_no_flow_HER2.fasta,Ablation_NoFlow_445,0.9166666666666666
1000_ablation_no_flow_HER2.fasta,Ablation_NoFlow_446,0.9357798165137615
1000_ablation_no_flow_HER2.fasta,Ablation_NoFlow_447,0.9658119658119658
1000_ablation_no_flow_HER2.fasta,Ablation_NoFlow_448,0.8793103448275862
1000_ablation_no_flow_HER2.fasta,Ablation_NoFlow_449,0.7530364372469636
1000_ablation_no_flow_HER2.fasta,Ablation_NoFlow_450,1.0
1000_ablation_no_flow_HER2.fasta,Ablation_NoFlow_451,1.0
1000_ablation_no_flow_HER2.fasta,Ablation_NoFlow_452,0.9545454545454546
1000_ablation_no_flow_HER2.fasta,Ablation_NoFlow_453,0.9272727272727272
1000_ablation_no_flow_HER2.fasta,Ablation_NoFlow_454,0.8214285714285714
1000_ablation_no_flow_HER2.fasta,Ablation_NoFlow_455,0.8717948717948718
1000_ablation_no_flow_HER2.fasta,Ablation_NoFlow_456,0.8035714285714286
1000_ablation_no_flow_HER2.fasta,Ablation_NoFlow_457,0.8214285714285714
1000_ablation_no_flow_HER2.fasta,Ablation_NoFlow_458,0.7692307692307693
1000_ablation_no_flow_HER2.fasta,Ablation_NoFlow_459,1.0
1000_ablation_no_flow_HER2.fasta,Ablation_NoFlow_460,1.0
1000_ablation_no_flow_HER2.fasta,Ablation_NoFlow_461,0.9292035398230089
1000_ablation_no_flow_HER2.fasta,Ablation_NoFlow_462,1.0
1000_ablation_no_flow_HER2.fasta,Ablation_NoFlow_463,0.6882591093117408
1000_ablation_no_flow_HER2.fasta,Ablation_NoFlow_464,1.0
1000_ablation_no_flow_HER2.fasta,Ablation_NoFlow_465,0.6637168141592921
1000_ablation_no_flow_HER2.fasta,Ablation_NoFlow_466,0.9572649572649573
1000_ablation_no_flow_HER2.fasta,Ablation_NoFlow_467,0.7706422018348624
1000_ablation_no_flow_HER2.fasta,Ablation_NoFlow_468,1.0
1000_ablation_no_flow_HER2.fasta,Ablation_NoFlow_469,0.7457627118644068
1000_ablation_no_flow_HER2.fasta,Ablation_NoFlow_470,0.8264462809917356
1000_ablation_no_flow_HER2.fasta,Ablation_NoFlow_471,0.8888888888888888
1000_ablation_no_flow_HER2.fasta,Ablation_NoFlow_472,0.9043478260869565
1000_ablation_no_flow_HER2.fasta,Ablation_NoFlow_473,1.0
1000_ablation_no_flow_HER2.fasta,Ablation_NoFlow_474,1.0
1000_ablation_no_flow_HER2.fasta,Ablation_NoFlow_475,0.9572649572649573
1000_ablation_no_flow_HER2.fasta,Ablation_NoFlow_476,0.9262295081967213
1000_ablation_no_flow_HER2.fasta,Ablation_NoFlow_477,1.0
1000_ablation_no_flow_HER2.fasta,Ablation_NoFlow_478,1.0
1000_ablation_no_flow_HER2.fasta,Ablation_NoFlow_479,0.8347826086956521
1000_ablation_no_flow_HER2.fasta,Ablation_NoFlow_480,0.8623853211009175
1000_ablation_no_flow_HER2.fasta,Ablation_NoFlow_481,0.8264462809917356
1000_ablation_no_flow_HER2.fasta,Ablation_NoFlow_482,0.8981481481481481
1000_ablation_no_flow_HER2.fasta,Ablation_NoFlow_483,0.9166666666666666
1000_ablation_no_flow_HER2.fasta,Ablation_NoFlow_484,0.9166666666666666
1000_ablation_no_flow_HER2.fasta,Ablation_NoFlow_485,0.7706422018348624
1000_ablation_no_flow_HER2.fasta,Ablation_NoFlow_486,0.8214285714285714
1000_ablation_no_flow_HER2.fasta,Ablation_NoFlow_487,1.0
1000_ablation_no_flow_HER2.fasta,Ablation_NoFlow_488,0.9035087719298246
1000_ablation_no_flow_HER2.fasta,Ablation_NoFlow_489,0.8461538461538461
1000_ablation_no_flow_HER2.fasta,Ablation_NoFlow_490,0.8738738738738738
1000_ablation_no_flow_HER2.fasta,Ablation_NoFlow_491,0.7706422018348624
1000_ablation_no_flow_HER2.fasta,Ablation_NoFlow_492,0.7706422018348624
1000_ablation_no_flow_HER2.fasta,Ablation_NoFlow_493,1.0
1000_ablation_no_flow_HER2.fasta,Ablation_NoFlow_494,0.8990825688073395
1000_ablation_no_flow_HER2.fasta,Ablation_NoFlow_495,0.8214285714285714
1000_ablation_no_flow_HER2.fasta,Ablation_NoFlow_496,1.0
1000_ablation_no_flow_HER2.fasta,Ablation_NoFlow_497,1.0
1000_ablation_no_flow_HER2.fasta,Ablation_NoFlow_498,0.7692307692307693
1000_ablation_no_flow_HER2.fasta,Ablation_NoFlow_499,0.8214285714285714
1000_ablation_no_flow_HER2.fasta,Ablation_NoFlow_500,0.8813559322033898
1000_ablation_no_flow_HER2.fasta,Ablation_NoFlow_501,0.8264462809917356
1000_ablation_no_flow_HER2.fasta,Ablation_NoFlow_502,0.9
1000_ablation_no_flow_HER2.fasta,Ablation_NoFlow_503,0.6882591093117408
1000_ablation_no_flow_HER2.fasta,Ablation_NoFlow_504,0.9823008849557522
1000_ablation_no_flow_HER2.fasta,Ablation_NoFlow_505,0.8035714285714286
1000_ablation_no_flow_HER2.fasta,Ablation_NoFlow_506,0.6882591093117408
1000_ablation_no_flow_HER2.fasta,Ablation_NoFlow_507,0.6882591093117408
1000_ablation_no_flow_HER2.fasta,Ablation_NoFlow_508,0.9734513274336283
1000_ablation_no_flow_HER2.fasta,Ablation_NoFlow_509,0.8899082568807339
1000_ablation_no_flow_HER2.fasta,Ablation_NoFlow_510,0.9
1000_ablation_no_flow_HER2.fasta,Ablation_NoFlow_511,1.0
1000_ablation_no_flow_HER2.fasta,Ablation_NoFlow_512,1.0
1000_ablation_no_flow_HER2.fasta,Ablation_NoFlow_513,0.9572649572649573
1000_ablation_no_flow_HER2.fasta,Ablation_NoFlow_514,0.9230769230769231
1000_ablation_no_flow_HER2.fasta,Ablation_NoFlow_515,1.0
1000_ablation_no_flow_HER2.fasta,Ablation_NoFlow_516,0.9181818181818182
1000_ablation_no_flow_HER2.fasta,Ablation_NoFlow_517,0.9823008849557522
1000_ablation_no_flow_HER2.fasta,Ablation_NoFlow_518,0.8909090909090909
1000_ablation_no_flow_HER2.fasta,Ablation_NoFlow_519,0.8738738738738738
1000_ablation_no_flow_HER2.fasta,Ablation_NoFlow_520,0.9166666666666666
1000_ablation_no_flow_HER2.fasta,Ablation_NoFlow_521,0.8214285714285714
1000_ablation_no_flow_HER2.fasta,Ablation_NoFlow_522,0.9166666666666666
1000_ablation_no_flow_HER2.fasta,Ablation_NoFlow_523,0.911504424778761
1000_ablation_no_flow_HER2.fasta,Ablation_NoFlow_524,1.0
1000_ablation_no_flow_HER2.fasta,Ablation_NoFlow_525,0.9357798165137615
1000_ablation_no_flow_HER2.fasta,Ablation_NoFlow_526,0.9590163934426229
1000_ablation_no_flow_HER2.fasta,Ablation_NoFlow_527,0.9166666666666666
1000_ablation_no_flow_HER2.fasta,Ablation_NoFlow_528,0.9658119658119658
1000_ablation_no_flow_HER2.fasta,Ablation_NoFlow_529,0.9823008849557522
1000_ablation_no_flow_HER2.fasta,Ablation_NoFlow_530,0.75
1000_ablation_no_flow_HER2.fasta,Ablation_NoFlow_531,1.0
1000_ablation_no_flow_HER2.fasta,Ablation_NoFlow_532,0.8214285714285714
1000_ablation_no_flow_HER2.fasta,Ablation_NoFlow_533,1.0
1000_ablation_no_flow_HER2.fasta,Ablation_NoFlow_534,0.9272727272727272
1000_ablation_no_flow_HER2.fasta,Ablation_NoFlow_535,0.9026548672566371
1000_ablation_no_flow_HER2.fasta,Ablation_NoFlow_536,0.8264462809917356
1000_ablation_no_flow_HER2.fasta,Ablation_NoFlow_537,1.0
1000_ablation_no_flow_HER2.fasta,Ablation_NoFlow_538,0.9166666666666666
1000_ablation_no_flow_HER2.fasta,Ablation_NoFlow_539,1.0
1000_ablation_no_flow_HER2.fasta,Ablation_NoFlow_540,1.0
1000_ablation_no_flow_HER2.fasta,Ablation_NoFlow_541,1.0
1000_ablation_no_flow_HER2.fasta,Ablation_NoFlow_542,0.9823008849557522
1000_ablation_no_flow_HER2.fasta,Ablation_NoFlow_543,1.0
1000_ablation_no_flow_HER2.fasta,Ablation_NoFlow_544,0.8264462809917356
1000_ablation_no_flow_HER2.fasta,Ablation_NoFlow_545,0.75
1000_ablation_no_flow_HER2.fasta,Ablation_NoFlow_546,0.8476190476190476
1000_ablation_no_flow_HER2.fasta,Ablation_NoFlow_547,1.0
1000_ablation_no_flow_HER2.fasta,Ablation_NoFlow_548,0.8137651821862348
1000_ablation_no_flow_HER2.fasta,Ablation_NoFlow_549,0.8738738738738738
1000_ablation_no_flow_HER2.fasta,Ablation_NoFlow_550,0.8264462809917356
1000_ablation_no_flow_HER2.fasta,Ablation_NoFlow_551,1.0
1000_ablation_no_flow_HER2.fasta,Ablation_NoFlow_552,0.9009009009009009
1000_ablation_no_flow_HER2.fasta,Ablation_NoFlow_553,0.9009009009009009
1000_ablation_no_flow_HER2.fasta,Ablation_NoFlow_554,1.0
1000_ablation_no_flow_HER2.fasta,Ablation_NoFlow_555,0.8532110091743119
1000_ablation_no_flow_HER2.fasta,Ablation_NoFlow_556,0.9074074074074074
1000_ablation_no_flow_HER2.fasta,Ablation_NoFlow_557,0.7457627118644068
1000_ablation_no_flow_HER2.fasta,Ablation_NoFlow_558,1.0
1000_ablation_no_flow_HER2.fasta,Ablation_NoFlow_559,0.7611336032388664
1000_ablation_no_flow_HER2.fasta,Ablation_NoFlow_560,1.0
1000_ablation_no_flow_HER2.fasta,Ablation_NoFlow_561,0.865546218487395
1000_ablation_no_flow_HER2.fasta,Ablation_NoFlow_562,0.9491525423728814
1000_ablation_no_flow_HER2.fasta,Ablation_NoFlow_563,0.7706422018348624
1000_ablation_no_flow_HER2.fasta,Ablation_NoFlow_564,0.7706422018348624
1000_ablation_no_flow_HER2.fasta,Ablation_NoFlow_565,0.9
1000_ablation_no_flow_HER2.fasta,Ablation_NoFlow_566,0.7530364372469636
1000_ablation_no_flow_HER2.fasta,Ablation_NoFlow_567,0.8899082568807339
1000_ablation_no_flow_HER2.fasta,Ablation_NoFlow_568,0.875
1000_ablation_no_flow_HER2.fasta,Ablation_NoFlow_569,0.8264462809917356
1000_ablation_no_flow_HER2.fasta,Ablation_NoFlow_570,0.8738738738738738
1000_ablation_no_flow_HER2.fasta,Ablation_NoFlow_571,0.8468468468468469
1000_ablation_no_flow_HER2.fasta,Ablation_NoFlow_572,0.8793103448275862
1000_ablation_no_flow_HER2.fasta,Ablation_NoFlow_573,0.95
1000_ablation_no_flow_HER2.fasta,Ablation_NoFlow_574,0.8264462809917356
1000_ablation_no_flow_HER2.fasta,Ablation_NoFlow_575,1.0
1000_ablation_no_flow_HER2.fasta,Ablation_NoFlow_576,0.8214285714285714
1000_ablation_no_flow_HER2.fasta,Ablation_NoFlow_577,0.9166666666666666
1000_ablation_no_flow_HER2.fasta,Ablation_NoFlow_578,0.8793103448275862
1000_ablation_no_flow_HER2.fasta,Ablation_NoFlow_579,0.9658119658119658
1000_ablation_no_flow_HER2.fasta,Ablation_NoFlow_580,0.8214285714285714
1000_ablation_no_flow_HER2.fasta,Ablation_NoFlow_581,0.9166666666666666
1000_ablation_no_flow_HER2.fasta,Ablation_NoFlow_582,0.8214285714285714
1000_ablation_no_flow_HER2.fasta,Ablation_NoFlow_583,0.9043478260869565
1000_ablation_no_flow_HER2.fasta,Ablation_NoFlow_584,1.0
1000_ablation_no_flow_HER2.fasta,Ablation_NoFlow_585,1.0
1000_ablation_no_flow_HER2.fasta,Ablation_NoFlow_586,0.8073394495412844
1000_ablation_no_flow_HER2.fasta,Ablation_NoFlow_587,0.8214285714285714
1000_ablation_no_flow_HER2.fasta,Ablation_NoFlow_588,0.9009009009009009
1000_ablation_no_flow_HER2.fasta,Ablation_NoFlow_589,1.0
1000_ablation_no_flow_HER2.fasta,Ablation_NoFlow_590,0.8264462809917356
1000_ablation_no_flow_HER2.fasta,Ablation_NoFlow_591,0.8125
1000_ablation_no_flow_HER2.fasta,Ablation_NoFlow_592,0.9537037037037037
1000_ablation_no_flow_HER2.fasta,Ablation_NoFlow_593,0.8181818181818182
1000_ablation_no_flow_HER2.fasta,Ablation_NoFlow_594,1.0
1000_ablation_no_flow_HER2.fasta,Ablation_NoFlow_595,0.8035714285714286
1000_ablation_no_flow_HER2.fasta,Ablation_NoFlow_596,0.9658119658119658
1000_ablation_no_flow_HER2.fasta,Ablation_NoFlow_597,0.8303571428571429
1000_ablation_no_flow_HER2.fasta,Ablation_NoFlow_598,0.9166666666666666
1000_ablation_no_flow_HER2.fasta,Ablation_NoFlow_599,0.8793103448275862
1000_ablation_no_flow_HER2.fasta,Ablation_NoFlow_600,0.9572649572649573
1000_ablation_no_flow_HER2.fasta,Ablation_NoFlow_601,0.9166666666666666
1000_ablation_no_flow_HER2.fasta,Ablation_NoFlow_602,1.0
1000_ablation_no_flow_HER2.fasta,Ablation_NoFlow_603,0.8952380952380953
1000_ablation_no_flow_HER2.fasta,Ablation_NoFlow_604,0.8264462809917356
1000_ablation_no_flow_HER2.fasta,Ablation_NoFlow_605,0.7489878542510121
1000_ablation_no_flow_HER2.fasta,Ablation_NoFlow_606,0.6882591093117408
1000_ablation_no_flow_HER2.fasta,Ablation_NoFlow_607,0.8264462809917356
1000_ablation_no_flow_HER2.fasta,Ablation_NoFlow_608,0.9734513274336283
1000_ablation_no_flow_HER2.fasta,Ablation_NoFlow_609,0.8793103448275862
1000_ablation_no_flow_HER2.fasta,Ablation_NoFlow_610,0.8859649122807017
1000_ablation_no_flow_HER2.fasta,Ablation_NoFlow_611,0.9823008849557522
1000_ablation_no_flow_HER2.fasta,Ablation_NoFlow_612,0.9823008849557522
1000_ablation_no_flow_HER2.fasta,Ablation_NoFlow_613,1.0
1000_ablation_no_flow_HER2.fasta,Ablation_NoFlow_614,0.6882591093117408
1000_ablation_no_flow_HER2.fasta,Ablation_NoFlow_615,0.8695652173913043
1000_ablation_no_flow_HER2.fasta,Ablation_NoFlow_616,1.0
1000_ablation_no_flow_HER2.fasta,Ablation_NoFlow_617,0.9736842105263158
1000_ablation_no_flow_HER2.fasta,Ablation_NoFlow_618,0.7530364372469636
1000_ablation_no_flow_HER2.fasta,Ablation_NoFlow_619,1.0
1000_ablation_no_flow_HER2.fasta,Ablation_NoFlow_620,0.9035087719298246
1000_ablation_no_flow_HER2.fasta,Ablation_NoFlow_621,0.8928571428571429
1000_ablation_no_flow_HER2.fasta,Ablation_NoFlow_622,0.8879310344827587
1000_ablation_no_flow_HER2.fasta,Ablation_NoFlow_623,0.8521739130434782
1000_ablation_no_flow_HER2.fasta,Ablation_NoFlow_624,1.0
1000_ablation_no_flow_HER2.fasta,Ablation_NoFlow_625,0.865546218487395
1000_ablation_no_flow_HER2.fasta,Ablation_NoFlow_626,0.6882591093117408
1000_ablation_no_flow_HER2.fasta,Ablation_NoFlow_627,0.8956521739130435
1000_ablation_no_flow_HER2.fasta,Ablation_NoFlow_628,0.9099099099099099
1000_ablation_no_flow_HER2.fasta,Ablation_NoFlow_629,1.0
1000_ablation_no_flow_HER2.fasta,Ablation_NoFlow_630,0.8407079646017699
1000_ablation_no_flow_HER2.fasta,Ablation_NoFlow_631,0.8264462809917356
1000_ablation_no_flow_HER2.fasta,Ablation_NoFlow_632,1.0
1000_ablation_no_flow_HER2.fasta,Ablation_NoFlow_633,0.8956521739130435
1000_ablation_no_flow_HER2.fasta,Ablation_NoFlow_634,0.9322033898305084
1000_ablation_no_flow_HER2.fasta,Ablation_NoFlow_635,0.8807339449541285
1000_ablation_no_flow_HER2.fasta,Ablation_NoFlow_636,0.9734513274336283
1000_ablation_no_flow_HER2.fasta,Ablation_NoFlow_637,1.0
1000_ablation_no_flow_HER2.fasta,Ablation_NoFlow_638,0.8264462809917356
1000_ablation_no_flow_HER2.fasta,Ablation_NoFlow_639,0.8596491228070176
1000_ablation_no_flow_HER2.fasta,Ablation_NoFlow_640,0.6882591093117408
1000_ablation_no_flow_HER2.fasta,Ablation_NoFlow_641,0.9174311926605505
1000_ablation_no_flow_HER2.fasta,Ablation_NoFlow_642,0.8264462809917356
1000_ablation_no_flow_HER2.fasta,Ablation_NoFlow_643,0.8218623481781376
1000_ablation_no_flow_HER2.fasta,Ablation_NoFlow_644,0.9380530973451328
1000_ablation_no_flow_HER2.fasta,Ablation_NoFlow_645,0.8214285714285714
1000_ablation_no_flow_HER2.fasta,Ablation_NoFlow_646,1.0
1000_ablation_no_flow_HER2.fasta,Ablation_NoFlow_647,0.9464285714285714
1000_ablation_no_flow_HER2.fasta,Ablation_NoFlow_648,0.75
1000_ablation_no_flow_HER2.fasta,Ablation_NoFlow_649,1.0
1000_ablation_no_flow_HER2.fasta,Ablation_NoFlow_650,0.8461538461538461
1000_ablation_no_flow_HER2.fasta,Ablation_NoFlow_651,0.6882591093117408
1000_ablation_no_flow_HER2.fasta,Ablation_NoFlow_652,0.8347826086956521
1000_ablation_no_flow_HER2.fasta,Ablation_NoFlow_653,0.9009009009009009
1000_ablation_no_flow_HER2.fasta,Ablation_NoFlow_654,1.0
1000_ablation_no_flow_HER2.fasta,Ablation_NoFlow_655,0.6882591093117408
1000_ablation_no_flow_HER2.fasta,Ablation_NoFlow_656,1.0
1000_ablation_no_flow_HER2.fasta,Ablation_NoFlow_657,1.0
1000_ablation_no_flow_HER2.fasta,Ablation_NoFlow_658,0.8264462809917356
1000_ablation_no_flow_HER2.fasta,Ablation_NoFlow_659,1.0
1000_ablation_no_flow_HER2.fasta,Ablation_NoFlow_660,1.0
1000_ablation_no_flow_HER2.fasta,Ablation_NoFlow_661,0.6882591093117408
1000_ablation_no_flow_HER2.fasta,Ablation_NoFlow_662,0.8264462809917356
1000_ablation_no_flow_HER2.fasta,Ablation_NoFlow_663,0.9166666666666666
1000_ablation_no_flow_HER2.fasta,Ablation_NoFlow_664,0.923728813559322
1000_ablation_no_flow_HER2.fasta,Ablation_NoFlow_665,0.9487179487179487
1000_ablation_no_flow_HER2.fasta,Ablation_NoFlow_666,0.8849557522123894
1000_ablation_no_flow_HER2.fasta,Ablation_NoFlow_667,0.8125
1000_ablation_no_flow_HER2.fasta,Ablation_NoFlow_668,0.865546218487395
1000_ablation_no_flow_HER2.fasta,Ablation_NoFlow_669,0.6882591093117408
1000_ablation_no_flow_HER2.fasta,Ablation_NoFlow_670,0.8214285714285714
1000_ablation_no_flow_HER2.fasta,Ablation_NoFlow_671,1.0
1000_ablation_no_flow_HER2.fasta,Ablation_NoFlow_672,0.9166666666666666
1000_ablation_no_flow_HER2.fasta,Ablation_NoFlow_673,0.8738738738738738
1000_ablation_no_flow_HER2.fasta,Ablation_NoFlow_674,0.8264462809917356
1000_ablation_no_flow_HER2.fasta,Ablation_NoFlow_675,0.8214285714285714
1000_ablation_no_flow_HER2.fasta,Ablation_NoFlow_676,0.9166666666666666
1000_ablation_no_flow_HER2.fasta,Ablation_NoFlow_677,1.0
1000_ablation_no_flow_HER2.fasta,Ablation_NoFlow_678,0.9487179487179487
1000_ablation_no_flow_HER2.fasta,Ablation_NoFlow_679,0.7706422018348624
1000_ablation_no_flow_HER2.fasta,Ablation_NoFlow_680,0.9166666666666666
1000_ablation_no_flow_HER2.fasta,Ablation_NoFlow_681,0.8738738738738738
1000_ablation_no_flow_HER2.fasta,Ablation_NoFlow_682,0.9734513274336283
1000_ablation_no_flow_HER2.fasta,Ablation_NoFlow_683,0.9823008849557522
1000_ablation_no_flow_HER2.fasta,Ablation_NoFlow_684,0.9279279279279279
1000_ablation_no_flow_HER2.fasta,Ablation_NoFlow_685,0.9380530973451328
1000_ablation_no_flow_HER2.fasta,Ablation_NoFlow_686,0.9166666666666666
1000_ablation_no_flow_HER2.fasta,Ablation_NoFlow_687,1.0
1000_ablation_no_flow_HER2.fasta,Ablation_NoFlow_688,0.9174311926605505
1000_ablation_no_flow_HER2.fasta,Ablation_NoFlow_689,0.8214285714285714
1000_ablation_no_flow_HER2.fasta,Ablation_NoFlow_690,0.8899082568807339
1000_ablation_no_flow_HER2.fasta,Ablation_NoFlow_691,1.0
1000_ablation_no_flow_HER2.fasta,Ablation_NoFlow_692,0.8956521739130435
1000_ablation_no_flow_HER2.fasta,Ablation_NoFlow_693,1.0
1000_ablation_no_flow_HER2.fasta,Ablation_NoFlow_694,0.8264462809917356
1000_ablation_no_flow_HER2.fasta,Ablation_NoFlow_695,0.8347826086956521
1000_ablation_no_flow_HER2.fasta,Ablation_NoFlow_696,0.7456140350877193
1000_ablation_no_flow_HER2.fasta,Ablation_NoFlow_697,0.8672566371681416
1000_ablation_no_flow_HER2.fasta,Ablation_NoFlow_698,0.6882591093117408
1000_ablation_no_flow_HER2.fasta,Ablation_NoFlow_699,1.0
1000_ablation_no_flow_HER2.fasta,Ablation_NoFlow_700,0.9166666666666666
1000_ablation_no_flow_HER2.fasta,Ablation_NoFlow_701,0.9122807017543859
1000_ablation_no_flow_HER2.fasta,Ablation_NoFlow_702,0.905982905982906
1000_ablation_no_flow_HER2.fasta,Ablation_NoFlow_703,0.8125
1000_ablation_no_flow_HER2.fasta,Ablation_NoFlow_704,1.0
1000_ablation_no_flow_HER2.fasta,Ablation_NoFlow_705,0.9272727272727272
1000_ablation_no_flow_HER2.fasta,Ablation_NoFlow_706,0.9444444444444444
1000_ablation_no_flow_HER2.fasta,Ablation_NoFlow_707,0.8214285714285714
1000_ablation_no_flow_HER2.fasta,Ablation_NoFlow_708,0.9166666666666666
1000_ablation_no_flow_HER2.fasta,Ablation_NoFlow_709,0.918918918918919
1000_ablation_no_flow_HER2.fasta,Ablation_NoFlow_710,0.8214285714285714
1000_ablation_no_flow_HER2.fasta,Ablation_NoFlow_711,0.9259259259259259
1000_ablation_no_flow_HER2.fasta,Ablation_NoFlow_712,0.7706422018348624
1000_ablation_no_flow_HER2.fasta,Ablation_NoFlow_713,0.6882591093117408
1000_ablation_no_flow_HER2.fasta,Ablation_NoFlow_714,0.8035714285714286
1000_ablation_no_flow_HER2.fasta,Ablation_NoFlow_715,0.9734513274336283
1000_ablation_no_flow_HER2.fasta,Ablation_NoFlow_716,0.944954128440367
1000_ablation_no_flow_HER2.fasta,Ablation_NoFlow_717,1.0
1000_ablation_no_flow_HER2.fasta,Ablation_NoFlow_718,0.9907407407407407
1000_ablation_no_flow_HER2.fasta,Ablation_NoFlow_719,0.9017857142857143
1000_ablation_no_flow_HER2.fasta,Ablation_NoFlow_720,0.6882591093117408
1000_ablation_no_flow_HER2.fasta,Ablation_NoFlow_721,0.8214285714285714
1000_ablation_no_flow_HER2.fasta,Ablation_NoFlow_722,0.7651821862348178
1000_ablation_no_flow_HER2.fasta,Ablation_NoFlow_723,0.9401709401709402
1000_ablation_no_flow_HER2.fasta,Ablation_NoFlow_724,0.8738738738738738
1000_ablation_no_flow_HER2.fasta,Ablation_NoFlow_725,0.8264462809917356
1000_ablation_no_flow_HER2.fasta,Ablation_NoFlow_726,1.0
1000_ablation_no_flow_HER2.fasta,Ablation_NoFlow_727,0.8636363636363636
1000_ablation_no_flow_HER2.fasta,Ablation_NoFlow_728,0.9166666666666666
1000_ablation_no_flow_HER2.fasta,Ablation_NoFlow_729,0.7489878542510121
1000_ablation_no_flow_HER2.fasta,Ablation_NoFlow_730,0.7706422018348624
1000_ablation_no_flow_HER2.fasta,Ablation_NoFlow_731,0.8738738738738738
1000_ablation_no_flow_HER2.fasta,Ablation_NoFlow_732,0.8264462809917356
1000_ablation_no_flow_HER2.fasta,Ablation_NoFlow_733,0.8407079646017699
1000_ablation_no_flow_HER2.fasta,Ablation_NoFlow_734,0.8214285714285714
1000_ablation_no_flow_HER2.fasta,Ablation_NoFlow_735,0.9734513274336283
1000_ablation_no_flow_HER2.fasta,Ablation_NoFlow_736,0.8793103448275862
1000_ablation_no_flow_HER2.fasta,Ablation_NoFlow_737,0.8214285714285714
1000_ablation_no_flow_HER2.fasta,Ablation_NoFlow_738,1.0
1000_ablation_no_flow_HER2.fasta,Ablation_NoFlow_739,0.8738738738738738
1000_ablation_no_flow_HER2.fasta,Ablation_NoFlow_740,0.8340080971659919
1000_ablation_no_flow_HER2.fasta,Ablation_NoFlow_741,1.0
1000_ablation_no_flow_HER2.fasta,Ablation_NoFlow_742,0.7611336032388664
1000_ablation_no_flow_HER2.fasta,Ablation_NoFlow_743,0.8648648648648649
1000_ablation_no_flow_HER2.fasta,Ablation_NoFlow_744,0.8214285714285714
1000_ablation_no_flow_HER2.fasta,Ablation_NoFlow_745,0.9166666666666666
1000_ablation_no_flow_HER2.fasta,Ablation_NoFlow_746,0.8738738738738738
1000_ablation_no_flow_HER2.fasta,Ablation_NoFlow_747,0.9174311926605505
1000_ablation_no_flow_HER2.fasta,Ablation_NoFlow_748,0.7706422018348624
1000_ablation_no_flow_HER2.fasta,Ablation_NoFlow_749,0.6882591093117408
1000_ablation_no_flow_HER2.fasta,Ablation_NoFlow_750,0.9166666666666666
1000_ablation_no_flow_HER2.fasta,Ablation_NoFlow_751,1.0
1000_ablation_no_flow_HER2.fasta,Ablation_NoFlow_752,0.8738738738738738
1000_ablation_no_flow_HER2.fasta,Ablation_NoFlow_753,0.7692307692307693
1000_ablation_no_flow_HER2.fasta,Ablation_NoFlow_754,0.8264462809917356
1000_ablation_no_flow_HER2.fasta,Ablation_NoFlow_755,0.8264462809917356
1000_ablation_no_flow_HER2.fasta,Ablation_NoFlow_756,0.9734513274336283
1000_ablation_no_flow_HER2.fasta,Ablation_NoFlow_757,0.8727272727272727
1000_ablation_no_flow_HER2.fasta,Ablation_NoFlow_758,1.0
1000_ablation_no_flow_HER2.fasta,Ablation_NoFlow_759,0.6882591093117408
1000_ablation_no_flow_HER2.fasta,Ablation_NoFlow_760,0.8909090909090909
1000_ablation_no_flow_HER2.fasta,Ablation_NoFlow_761,0.9272727272727272
1000_ablation_no_flow_HER2.fasta,Ablation_NoFlow_762,0.75
1000_ablation_no_flow_HER2.fasta,Ablation_NoFlow_763,0.9
1000_ablation_no_flow_HER2.fasta,Ablation_NoFlow_764,0.9590163934426229
1000_ablation_no_flow_HER2.fasta,Ablation_NoFlow_765,0.8035714285714286
1000_ablation_no_flow_HER2.fasta,Ablation_NoFlow_766,0.8717948717948718
1000_ablation_no_flow_HER2.fasta,Ablation_NoFlow_767,0.9658119658119658
1000_ablation_no_flow_HER2.fasta,Ablation_NoFlow_768,0.8392857142857143
1000_ablation_no_flow_HER2.fasta,Ablation_NoFlow_769,1.0
1000_ablation_no_flow_HER2.fasta,Ablation_NoFlow_770,1.0
1000_ablation_no_flow_HER2.fasta,Ablation_NoFlow_771,1.0
1000_ablation_no_flow_HER2.fasta,Ablation_NoFlow_772,0.8793103448275862
1000_ablation_no_flow_HER2.fasta,Ablation_NoFlow_773,0.7542372881355932
1000_ablation_no_flow_HER2.fasta,Ablation_NoFlow_774,1.0
1000_ablation_no_flow_HER2.fasta,Ablation_NoFlow_775,0.865546218487395
1000_ablation_no_flow_HER2.fasta,Ablation_NoFlow_776,0.6882591093117408
1000_ablation_no_flow_HER2.fasta,Ablation_NoFlow_777,0.8347826086956521
1000_ablation_no_flow_HER2.fasta,Ablation_NoFlow_778,0.8738738738738738
1000_ablation_no_flow_HER2.fasta,Ablation_NoFlow_779,0.8717948717948718
1000_ablation_no_flow_HER2.fasta,Ablation_NoFlow_780,0.7706422018348624
1000_ablation_no_flow_HER2.fasta,Ablation_NoFlow_781,0.9491525423728814
1000_ablation_no_flow_HER2.fasta,Ablation_NoFlow_782,0.7457627118644068
1000_ablation_no_flow_HER2.fasta,Ablation_NoFlow_783,0.9626168224299065
1000_ablation_no_flow_HER2.fasta,Ablation_NoFlow_784,0.9166666666666666
1000_ablation_no_flow_HER2.fasta,Ablation_NoFlow_785,1.0
1000_ablation_no_flow_HER2.fasta,Ablation_NoFlow_786,0.9074074074074074
1000_ablation_no_flow_HER2.fasta,Ablation_NoFlow_787,0.9636363636363636
1000_ablation_no_flow_HER2.fasta,Ablation_NoFlow_788,0.9545454545454546
1000_ablation_no_flow_HER2.fasta,Ablation_NoFlow_789,1.0
1000_ablation_no_flow_HER2.fasta,Ablation_NoFlow_790,0.6882591093117408
1000_ablation_no_flow_HER2.fasta,Ablation_NoFlow_791,0.7457627118644068
1000_ablation_no_flow_HER2.fasta,Ablation_NoFlow_792,0.9166666666666666
1000_ablation_no_flow_HER2.fasta,Ablation_NoFlow_793,0.8340080971659919
1000_ablation_no_flow_HER2.fasta,Ablation_NoFlow_794,0.9818181818181818
1000_ablation_no_flow_HER2.fasta,Ablation_NoFlow_795,0.7964601769911505
1000_ablation_no_flow_HER2.fasta,Ablation_NoFlow_796,0.6882591093117408
1000_ablation_no_flow_HER2.fasta,Ablation_NoFlow_797,0.7457627118644068
1000_ablation_no_flow_HER2.fasta,Ablation_NoFlow_798,0.8818181818181818
1000_ablation_no_flow_HER2.fasta,Ablation_NoFlow_799,0.9203539823008849
1000_ablation_no_flow_HER2.fasta,Ablation_NoFlow_800,0.8672566371681416
1000_ablation_no_flow_HER2.fasta,Ablation_NoFlow_801,1.0
1000_ablation_no_flow_HER2.fasta,Ablation_NoFlow_802,0.8771929824561403
1000_ablation_no_flow_HER2.fasta,Ablation_NoFlow_803,0.8264462809917356
1000_ablation_no_flow_HER2.fasta,Ablation_NoFlow_804,1.0
1000_ablation_no_flow_HER2.fasta,Ablation_NoFlow_805,0.8264462809917356
1000_ablation_no_flow_HER2.fasta,Ablation_NoFlow_806,1.0
1000_ablation_no_flow_HER2.fasta,Ablation_NoFlow_807,0.7706422018348624
1000_ablation_no_flow_HER2.fasta,Ablation_NoFlow_808,0.7692307692307693
1000_ablation_no_flow_HER2.fasta,Ablation_NoFlow_809,0.9166666666666666
1000_ablation_no_flow_HER2.fasta,Ablation_NoFlow_810,0.905982905982906
1000_ablation_no_flow_HER2.fasta,Ablation_NoFlow_811,0.9380530973451328
1000_ablation_no_flow_HER2.fasta,Ablation_NoFlow_812,0.8125
1000_ablation_no_flow_HER2.fasta,Ablation_NoFlow_813,0.8695652173913043
1000_ablation_no_flow_HER2.fasta,Ablation_NoFlow_814,0.9823008849557522
1000_ablation_no_flow_HER2.fasta,Ablation_NoFlow_815,1.0
1000_ablation_no_flow_HER2.fasta,Ablation_NoFlow_816,0.9099099099099099
1000_ablation_no_flow_HER2.fasta,Ablation_NoFlow_817,1.0
1000_ablation_no_flow_HER2.fasta,Ablation_NoFlow_818,0.918918918918919
1000_ablation_no_flow_HER2.fasta,Ablation_NoFlow_819,1.0
1000_ablation_no_flow_HER2.fasta,Ablation_NoFlow_820,0.8125
1000_ablation_no_flow_HER2.fasta,Ablation_NoFlow_821,0.8259109311740891
1000_ablation_no_flow_HER2.fasta,Ablation_NoFlow_822,0.6882591093117408
1000_ablation_no_flow_HER2.fasta,Ablation_NoFlow_823,0.9047619047619048
1000_ablation_no_flow_HER2.fasta,Ablation_NoFlow_824,0.9099099099099099
1000_ablation_no_flow_HER2.fasta,Ablation_NoFlow_825,0.9734513274336283
1000_ablation_no_flow_HER2.fasta,Ablation_NoFlow_826,0.8833333333333333
1000_ablation_no_flow_HER2.fasta,Ablation_NoFlow_827,0.8695652173913043
1000_ablation_no_flow_HER2.fasta,Ablation_NoFlow_828,0.911504424778761
1000_ablation_no_flow_HER2.fasta,Ablation_NoFlow_829,0.7692307692307693
1000_ablation_no_flow_HER2.fasta,Ablation_NoFlow_830,0.8264462809917356
1000_ablation_no_flow_HER2.fasta,Ablation_NoFlow_831,0.7894736842105263
1000_ablation_no_flow_HER2.fasta,Ablation_NoFlow_832,0.9823008849557522
1000_ablation_no_flow_HER2.fasta,Ablation_NoFlow_833,0.8264462809917356
1000_ablation_no_flow_HER2.fasta,Ablation_NoFlow_834,0.8264462809917356
1000_ablation_no_flow_HER2.fasta,Ablation_NoFlow_835,0.8264462809917356
1000_ablation_no_flow_HER2.fasta,Ablation_NoFlow_836,0.9272727272727272
1000_ablation_no_flow_HER2.fasta,Ablation_NoFlow_837,0.9174311926605505
1000_ablation_no_flow_HER2.fasta,Ablation_NoFlow_838,0.9051724137931034
1000_ablation_no_flow_HER2.fasta,Ablation_NoFlow_839,0.8738738738738738
1000_ablation_no_flow_HER2.fasta,Ablation_NoFlow_840,0.9166666666666666
1000_ablation_no_flow_HER2.fasta,Ablation_NoFlow_841,0.7706422018348624
1000_ablation_no_flow_HER2.fasta,Ablation_NoFlow_842,0.8264462809917356
1000_ablation_no_flow_HER2.fasta,Ablation_NoFlow_843,0.8214285714285714
1000_ablation_no_flow_HER2.fasta,Ablation_NoFlow_844,0.9122807017543859
1000_ablation_no_flow_HER2.fasta,Ablation_NoFlow_845,0.8407079646017699
1000_ablation_no_flow_HER2.fasta,Ablation_NoFlow_846,0.6882591093117408
1000_ablation_no_flow_HER2.fasta,Ablation_NoFlow_847,0.7706422018348624
1000_ablation_no_flow_HER2.fasta,Ablation_NoFlow_848,0.8214285714285714
1000_ablation_no_flow_HER2.fasta,Ablation_NoFlow_849,0.9734513274336283
1000_ablation_no_flow_HER2.fasta,Ablation_NoFlow_850,0.926605504587156
1000_ablation_no_flow_HER2.fasta,Ablation_NoFlow_851,1.0
1000_ablation_no_flow_HER2.fasta,Ablation_NoFlow_852,1.0
1000_ablation_no_flow_HER2.fasta,Ablation_NoFlow_853,0.8782608695652174
1000_ablation_no_flow_HER2.fasta,Ablation_NoFlow_854,0.9166666666666666
1000_ablation_no_flow_HER2.fasta,Ablation_NoFlow_855,0.75
1000_ablation_no_flow_HER2.fasta,Ablation_NoFlow_856,1.0
1000_ablation_no_flow_HER2.fasta,Ablation_NoFlow_857,0.9823008849557522
1000_ablation_no_flow_HER2.fasta,Ablation_NoFlow_858,0.8347826086956521
1000_ablation_no_flow_HER2.fasta,Ablation_NoFlow_859,0.9636363636363636
1000_ablation_no_flow_HER2.fasta,Ablation_NoFlow_860,0.8532110091743119
1000_ablation_no_flow_HER2.fasta,Ablation_NoFlow_861,0.9734513274336283
1000_ablation_no_flow_HER2.fasta,Ablation_NoFlow_862,0.8264462809917356
1000_ablation_no_flow_HER2.fasta,Ablation_NoFlow_863,0.9285714285714286
1000_ablation_no_flow_HER2.fasta,Ablation_NoFlow_864,0.9099099099099099
1000_ablation_no_flow_HER2.fasta,Ablation_NoFlow_865,0.6882591093117408
1000_ablation_no_flow_HER2.fasta,Ablation_NoFlow_866,0.8340080971659919
1000_ablation_no_flow_HER2.fasta,Ablation_NoFlow_867,0.9166666666666666
1000_ablation_no_flow_HER2.fasta,Ablation_NoFlow_868,0.8907563025210085
1000_ablation_no_flow_HER2.fasta,Ablation_NoFlow_869,1.0
1000_ablation_no_flow_HER2.fasta,Ablation_NoFlow_870,0.8717948717948718
1000_ablation_no_flow_HER2.fasta,Ablation_NoFlow_871,0.8813559322033898
1000_ablation_no_flow_HER2.fasta,Ablation_NoFlow_872,0.7706422018348624
1000_ablation_no_flow_HER2.fasta,Ablation_NoFlow_873,0.8738738738738738
1000_ablation_no_flow_HER2.fasta,Ablation_NoFlow_874,0.8259109311740891
1000_ablation_no_flow_HER2.fasta,Ablation_NoFlow_875,0.8018018018018018
1000_ablation_no_flow_HER2.fasta,Ablation_NoFlow_876,0.9636363636363636
1000_ablation_no_flow_HER2.fasta,Ablation_NoFlow_877,0.7530364372469636
1000_ablation_no_flow_HER2.fasta,Ablation_NoFlow_878,1.0
1000_ablation_no_flow_HER2.fasta,Ablation_NoFlow_879,1.0
1000_ablation_no_flow_HER2.fasta,Ablation_NoFlow_880,0.8264462809917356
1000_ablation_no_flow_HER2.fasta,Ablation_NoFlow_881,0.6882591093117408
1000_ablation_no_flow_HER2.fasta,Ablation_NoFlow_882,0.8738738738738738
1000_ablation_no_flow_HER2.fasta,Ablation_NoFlow_883,0.9203539823008849
1000_ablation_no_flow_HER2.fasta,Ablation_NoFlow_884,1.0
1000_ablation_no_flow_HER2.fasta,Ablation_NoFlow_885,1.0
1000_ablation_no_flow_HER2.fasta,Ablation_NoFlow_886,0.8264462809917356
1000_ablation_no_flow_HER2.fasta,Ablation_NoFlow_887,0.8738738738738738
1000_ablation_no_flow_HER2.fasta,Ablation_NoFlow_888,0.8738738738738738
1000_ablation_no_flow_HER2.fasta,Ablation_NoFlow_889,1.0
1000_ablation_no_flow_HER2.fasta,Ablation_NoFlow_890,0.8899082568807339
1000_ablation_no_flow_HER2.fasta,Ablation_NoFlow_891,0.7706422018348624
1000_ablation_no_flow_HER2.fasta,Ablation_NoFlow_892,0.8347826086956521
1000_ablation_no_flow_HER2.fasta,Ablation_NoFlow_893,0.9553571428571429
1000_ablation_no_flow_HER2.fasta,Ablation_NoFlow_894,0.7692307692307693
1000_ablation_no_flow_HER2.fasta,Ablation_NoFlow_895,0.8214285714285714
1000_ablation_no_flow_HER2.fasta,Ablation_NoFlow_896,0.7651821862348178
1000_ablation_no_flow_HER2.fasta,Ablation_NoFlow_897,0.8793103448275862
1000_ablation_no_flow_HER2.fasta,Ablation_NoFlow_898,0.9074074074074074
1000_ablation_no_flow_HER2.fasta,Ablation_NoFlow_899,0.8264462809917356
1000_ablation_no_flow_HER2.fasta,Ablation_NoFlow_900,0.9322033898305084
1000_ablation_no_flow_HER2.fasta,Ablation_NoFlow_901,0.7706422018348624
1000_ablation_no_flow_HER2.fasta,Ablation_NoFlow_902,0.9
1000_ablation_no_flow_HER2.fasta,Ablation_NoFlow_903,0.8738738738738738
1000_ablation_no_flow_HER2.fasta,Ablation_NoFlow_904,0.7692307692307693
1000_ablation_no_flow_HER2.fasta,Ablation_NoFlow_905,0.9823008849557522
1000_ablation_no_flow_HER2.fasta,Ablation_NoFlow_906,0.8727272727272727
1000_ablation_no_flow_HER2.fasta,Ablation_NoFlow_907,1.0
1000_ablation_no_flow_HER2.fasta,Ablation_NoFlow_908,0.7692307692307693
1000_ablation_no_flow_HER2.fasta,Ablation_NoFlow_909,0.7457627118644068
1000_ablation_no_flow_HER2.fasta,Ablation_NoFlow_910,0.7449392712550608
1000_ablation_no_flow_HER2.fasta,Ablation_NoFlow_911,0.9166666666666666
1000_ablation_no_flow_HER2.fasta,Ablation_NoFlow_912,0.8888888888888888
1000_ablation_no_flow_HER2.fasta,Ablation_NoFlow_913,1.0
1000_ablation_no_flow_HER2.fasta,Ablation_NoFlow_914,0.8738738738738738
1000_ablation_no_flow_HER2.fasta,Ablation_NoFlow_915,1.0
1000_ablation_no_flow_HER2.fasta,Ablation_NoFlow_916,0.8495575221238938
1000_ablation_no_flow_HER2.fasta,Ablation_NoFlow_917,0.9658119658119658
1000_ablation_no_flow_HER2.fasta,Ablation_NoFlow_918,0.9166666666666666
1000_ablation_no_flow_HER2.fasta,Ablation_NoFlow_919,0.8899082568807339
1000_ablation_no_flow_HER2.fasta,Ablation_NoFlow_920,0.8264462809917356
1000_ablation_no_flow_HER2.fasta,Ablation_NoFlow_921,0.8214285714285714
1000_ablation_no_flow_HER2.fasta,Ablation_NoFlow_922,1.0
1000_ablation_no_flow_HER2.fasta,Ablation_NoFlow_923,0.9107142857142857
1000_ablation_no_flow_HER2.fasta,Ablation_NoFlow_924,0.8125
1000_ablation_no_flow_HER2.fasta,Ablation_NoFlow_925,0.7692307692307693
1000_ablation_no_flow_HER2.fasta,Ablation_NoFlow_926,0.9487179487179487
1000_ablation_no_flow_HER2.fasta,Ablation_NoFlow_927,0.9166666666666666
1000_ablation_no_flow_HER2.fasta,Ablation_NoFlow_928,0.7692307692307693
1000_ablation_no_flow_HER2.fasta,Ablation_NoFlow_929,0.8660714285714286
1000_ablation_no_flow_HER2.fasta,Ablation_NoFlow_930,1.0
1000_ablation_no_flow_HER2.fasta,Ablation_NoFlow_931,0.7818181818181819
1000_ablation_no_flow_HER2.fasta,Ablation_NoFlow_932,1.0
1000_ablation_no_flow_HER2.fasta,Ablation_NoFlow_933,0.8793103448275862
1000_ablation_no_flow_HER2.fasta,Ablation_NoFlow_934,0.9166666666666666
1000_ablation_no_flow_HER2.fasta,Ablation_NoFlow_935,0.7692307692307693
1000_ablation_no_flow_HER2.fasta,Ablation_NoFlow_936,0.9166666666666666
1000_ablation_no_flow_HER2.fasta,Ablation_NoFlow_937,0.9017857142857143
1000_ablation_no_flow_HER2.fasta,Ablation_NoFlow_938,0.9159663865546218
1000_ablation_no_flow_HER2.fasta,Ablation_NoFlow_939,0.8198198198198198
1000_ablation_no_flow_HER2.fasta,Ablation_NoFlow_940,0.8378378378378378
1000_ablation_no_flow_HER2.fasta,Ablation_NoFlow_941,0.8125
1000_ablation_no_flow_HER2.fasta,Ablation_NoFlow_942,0.9166666666666666
1000_ablation_no_flow_HER2.fasta,Ablation_NoFlow_943,1.0
1000_ablation_no_flow_HER2.fasta,Ablation_NoFlow_944,0.9380530973451328
1000_ablation_no_flow_HER2.fasta,Ablation_NoFlow_945,1.0
1000_ablation_no_flow_HER2.fasta,Ablation_NoFlow_946,0.9734513274336283
1000_ablation_no_flow_HER2.fasta,Ablation_NoFlow_947,0.8508771929824561
1000_ablation_no_flow_HER2.fasta,Ablation_NoFlow_948,0.8214285714285714
1000_ablation_no_flow_HER2.fasta,Ablation_NoFlow_949,1.0
1000_ablation_no_flow_HER2.fasta,Ablation_NoFlow_950,0.8264462809917356
1000_ablation_no_flow_HER2.fasta,Ablation_NoFlow_951,0.8347826086956521
1000_ablation_no_flow_HER2.fasta,Ablation_NoFlow_952,0.8782608695652174
1000_ablation_no_flow_HER2.fasta,Ablation_NoFlow_953,0.8264462809917356
1000_ablation_no_flow_HER2.fasta,Ablation_NoFlow_954,0.9099099099099099
1000_ablation_no_flow_HER2.fasta,Ablation_NoFlow_955,0.9734513274336283
1000_ablation_no_flow_HER2.fasta,Ablation_NoFlow_956,0.9272727272727272
1000_ablation_no_flow_HER2.fasta,Ablation_NoFlow_957,0.6882591093117408
1000_ablation_no_flow_HER2.fasta,Ablation_NoFlow_958,0.9174311926605505
1000_ablation_no_flow_HER2.fasta,Ablation_NoFlow_959,0.9823008849557522
1000_ablation_no_flow_HER2.fasta,Ablation_NoFlow_960,1.0
1000_ablation_no_flow_HER2.fasta,Ablation_NoFlow_961,0.8340080971659919
1000_ablation_no_flow_HER2.fasta,Ablation_NoFlow_962,0.7611336032388664
1000_ablation_no_flow_HER2.fasta,Ablation_NoFlow_963,0.6882591093117408
1000_ablation_no_flow_HER2.fasta,Ablation_NoFlow_964,0.9051724137931034
1000_ablation_no_flow_HER2.fasta,Ablation_NoFlow_965,0.8035714285714286
1000_ablation_no_flow_HER2.fasta,Ablation_NoFlow_966,0.9636363636363636
1000_ablation_no_flow_HER2.fasta,Ablation_NoFlow_967,0.9363636363636364
1000_ablation_no_flow_HER2.fasta,Ablation_NoFlow_968,0.8214285714285714
1000_ablation_no_flow_HER2.fasta,Ablation_NoFlow_969,0.9327731092436975
1000_ablation_no_flow_HER2.fasta,Ablation_NoFlow_970,0.9043478260869565
1000_ablation_no_flow_HER2.fasta,Ablation_NoFlow_971,1.0
1000_ablation_no_flow_HER2.fasta,Ablation_NoFlow_972,0.9122807017543859
1000_ablation_no_flow_HER2.fasta,Ablation_NoFlow_973,0.9636363636363636
1000_ablation_no_flow_HER2.fasta,Ablation_NoFlow_974,0.911504424778761
1000_ablation_no_flow_HER2.fasta,Ablation_NoFlow_975,0.9722222222222222
1000_ablation_no_flow_HER2.fasta,Ablation_NoFlow_976,0.8264462809917356
1000_ablation_no_flow_HER2.fasta,Ablation_NoFlow_977,0.8264462809917356
1000_ablation_no_flow_HER2.fasta,Ablation_NoFlow_978,0.9159663865546218
1000_ablation_no_flow_HER2.fasta,Ablation_NoFlow_979,0.8214285714285714
1000_ablation_no_flow_HER2.fasta,Ablation_NoFlow_980,1.0
1000_ablation_no_flow_HER2.fasta,Ablation_NoFlow_981,0.9473684210526315
1000_ablation_no_flow_HER2.fasta,Ablation_NoFlow_982,0.8918918918918919
1000_ablation_no_flow_HER2.fasta,Ablation_NoFlow_983,1.0
1000_ablation_no_flow_HER2.fasta,Ablation_NoFlow_984,0.7692307692307693
1000_ablation_no_flow_HER2.fasta,Ablation_NoFlow_985,0.9636363636363636
1000_ablation_no_flow_HER2.fasta,Ablation_NoFlow_986,0.8407079646017699
1000_ablation_no_flow_HER2.fasta,Ablation_NoFlow_987,0.8981481481481481
1000_ablation_no_flow_HER2.fasta,Ablation_NoFlow_988,0.8347826086956521
1000_ablation_no_flow_HER2.fasta,Ablation_NoFlow_989,0.8264462809917356
1000_ablation_no_flow_HER2.fasta,Ablation_NoFlow_990,0.9166666666666666
1000_ablation_no_flow_HER2.fasta,Ablation_NoFlow_991,0.9166666666666666
1000_ablation_no_flow_HER2.fasta,Ablation_NoFlow_992,0.9243697478991597
1000_ablation_no_flow_HER2.fasta,Ablation_NoFlow_993,0.9333333333333333
1000_ablation_no_flow_HER2.fasta,Ablation_NoFlow_994,1.0
1000_ablation_no_flow_HER2.fasta,Ablation_NoFlow_995,0.8214285714285714
1000_ablation_no_flow_HER2.fasta,Ablation_NoFlow_996,0.9537037037037037
1000_ablation_no_flow_HER2.fasta,Ablation_NoFlow_997,0.9734513274336283
1000_ablation_no_flow_HER2.fasta,Ablation_NoFlow_998,0.9734513274336283
1000_ablation_no_flow_HER2.fasta,Ablation_NoFlow_999,0.8264462809917356
1000_ablation_no_flow_HER2.fasta,Ablation_NoFlow_1000,0.8035714285714286
